Number of atoms,Number of molecules with that number of atoms,Percentage (%)
1,3,0.002293034525456505
2,5,0.0038217242090941754
3,9,0.006879103576369515
4,31,0.023694690096383884
5,127,0.09707179491099203
6,606,0.463192974142214
7,3137,2.3977497687856855
8,17840,13.635911978048016
9,108674,83.06441133982008
10,383,0.29274407441661376
11,16,0.01222951746910136
